verb,synonym1,synonym2,synonym3,synonym4,synonym5
abandon,desert,forsake,discard,leave,quit
abscond,flee,bolt,escape,vancish,depart
abuse,misuse,exploit,harm,maltreat,violate
accept,receive,take,acquire,admit,approve
access,enter,penetrate,reach,ingress,open
acquire,obtain,secure,procure,capture,collect
act,perform,execute,operate,behave,do
activate,trigger,engage,enable,start,initiate
adapt,adjust,modify,alter,conform,tailor
add,append,attach,join,insert,annex
adjust,calibrate,align,tune,modify,alter
administer,manage,direct,supervise,govern,execute
admire,respect,esteem,venerate,appreciate,value
admit,confess,concede,acknowledge,grant,allow
advise,consult,guide,instruct,notify,warn
advocate,support,champion,promote,uphold,defend
affect,influence,impact,alter,change,touch
afford,provide,yield,supply,manage,sustain
agree,concur,consent,settle,align,approve
aid,help,assist,support,facilitate,abet
alarm,alert,warn,frighten,signal,startle
alert,warn,notify,signal,alarm,brief
alienate,estrange,separate,divide,distance,isolate
align,calibrate,coordinate,match,order,adjust
allege,claim,assert,state,maintain,charge
allocate,assign,allot,distribute,apportion,designate
allow,permit,authorize,enable,let,grant
alter,change,modify,adjust,edit,transform
amass,collect,gather,accumulate,hoard,stockpile
amend,correct,fix,revise,alter,improve
analyze,examine,inspect,scrutinize,probe,evaluate
announce,declare,broadcast,proclaim,publish,state
annoy,irritate,bother,disturb,vex,provoke
annul,cancel,nullify,void,revoke,rescind
answer,reply,respond,retort,counter,acknowledge
anticipate,expect,foresee,await,predict,forecast
apologize,regret,atone,excuse,justify,confess
appear,seem,emerge,arrive,show,loom
applaud,praise,commend,extol,cheer,celebrate
apply,use,utilize,employ,exercise,execute
appoint,designate,assign,name,select,nominate
appraise,evaluate,assess,estimate,value,rate
appreciate,value,respect,admire,understand,prize
approach,near,reach,access,address,initiate
approve,sanction,ratify,authorize,permit,endorse
argue,dispute,clash,quarrel,disagree,bicker
arise,emerge,occur,happen,originate,begin
arm,equip,prepare,fortify,load,supply
arrange,organize,structure,order,classify,position
arrest,apprehend,seize,detain,capture,halt
arrive,reach,enter,appear,come,land
ask,query,question,inquire,request,probe
assault,attack,strike,hit,charge,storm
assemble,gather,collect,construct,compile,marshal
assert,state,claim,maintain,declare,affirm
assess,evaluate,examine,appraise,judge,review
assign,allocate,allot,delegate,entrust,consign
assist,help,aid,support,facilitate,abet
assume,presume,suppose,take,undertake,accept
assure,guarantee,ensure,confirm,promise,pledge
attach,link,connect,join,append,couple
attack,strike,assault,charge,hit,raid
attain,achieve,reach,gain,realize,accomplish
attempt,try,endeavor,strive,venture,test
attend,visit,join,witness,follow,note
attract,draw,allure,entice,pull,magnetize
audit,verify,inspect,examine,review,check
authenticate,verify,validate,confirm,certify,corroborate
authorize,permit,allow,sanction,approve,empower
automate,mechanize,program,streamline,systematize,standardize
avoid,evade,shun,skirt,bypass,dodge
await,wait,expect,anticipate,stay,abide
awake,rouse,alert,wake,ignite,stir
award,grant,bestow,give,assign,allot
backdoor,bypass,shortcut,entry,hole,access
backup,save,copy,replicate,archive,preserve
balance,stabilize,equate,offset,adjust,level
bargain,negotiate,trade,barter,deal,haggle
beam,transmit,send,broadcast,emit,transfer
beat,strike,hit,pound,thump,batter
begin,start,commence,initiate,launch,originate
behave,act,function,operate,react,perform
believe,trust,suppose,assume,presume,consider
belong,relate,pertain,fit,reside,align
bend,flex,curve,twist,distort,alter
benefit,profit,gain,help,improve,aid
bestow,give,grant,award,present,confer
betray,snitch,expose,reveal,desert,abandon
bid,offer,propose,tender,request,invite
bind,tie,secure,fasten,constrain,link
bite,snap,seize,grasp,sting,pierce
blame,accuse,charge,indict,fault,reproach
blast,explode,destroy,shatter,erupt,burst
blend,mix,combine,merge,unify,fuse
blink,flash,flicker,glimmer,signal,wink
block,obstruct,hinder,prevent,stop,bar
bloom,flourish,grow,thrive,develop,prosper
blow,blast,erupt,shatter,hit,strike
board,mount,enter,join,start,begin
boast,brag,flaunt,show,vaunt,exaggerate
bolt,fasten,lock,secure,flee,dash
bomb,attack,destroy,wreck,blast,ruin
boost,improve,enhance,increase,raise,elevate
boot,start,launch,initiate,reboot,restart
border,edge,surround,enclose,limit,skirt
borrow,take,lease,rent,adopt,copy
bother,annoy,disturb,irritate,harass,vex
bounce,rebound,reflect,return,jump,recoil
bound,limit,restrict,confine,jump,leap
bow,yield,bend,submit,defer,comply
box,enclose,trap,confine,pack,store
brace,support,fortify,prepare,strengthen,secure
brag,boast,flaunt,exaggerate,vaunt,show
break,shatter,wreck,fracture,crack,breach
breathe,inhale,expire,live,rest,pause
breed,produce,generate,propagate,cause,nurture
bridge,connect,link,unite,join,cross
brief,inform,advise,notify,summarize,alert
brighten,light,illuminate,improve,polish,clear
bring,fetch,carry,convey,deliver,transport
broadcast,transmit,publish,spread,air,circulate
broaden,expand,widen,extend,enlarge,diversify
browse,surf,explore,view,examine,scan
bruise,damage,hurt,impair,crush,harm
bruteforce,attack,crack,pound,hit,hammer
build,construct,create,assemble,fabricate,erect
burn,flash,ignite,scorch,incinerate,fire
burst,explode,erupt,shatter,break,crack
bury,hide,conceal,cover,inter,obscure
bush,hide,ambush,skirt,mask,cloak
buy,purchase,acquire,procure,obtain,gain
bypass,avoid,skirt,evade,ignore,circumvent
cache,store,hide,stash,buffer,save
calculate,compute,determine,reckon,tally,figure
calibrate,adjust,align,tune,standardize,fine-tune
call,phone,dial,contact,ring,page
cancel,annul,nullify,void,revoke,rescind
capture,seize,grab,snatch,apprehend,record
care,tend,guard,protect,manage,watch
carry,transport,convey,bring,deliver,move
carve,cut,shape,sculpt,slice,etch
cash,liquidate,exchange,pay,convert,obtain
cast,throw,send,emit,project,launch
catalog,list,index,record,file,label
catalyze,stimulate,accelerate,prompt,ignite,instigate
catch,intercept,seize,grasp,capture,find
categorize,classify,sort,group,label,rank
cause,originate,trigger,induce,prompt,produce
caution,warn,alert,advise,brief,notify
cease,stop,halt,end,terminate,quit
celebrate,praise,extol,honor,commemorate,rejoice
center,align,focus,adjust,position,fix
certify,verify,validate,authenticate,confirm,ratify
chain,link,connect,bind,fasten,secure
change,modify,alter,transform,vary,adapt
channel,direct,guide,steer,funnel,route
char,burn,scorch,scare,blacken,singe
charge,accuse,allege,indict,assault,attack
chart,map,plot,graph,outline,record
chase,pursue,follow,hunt,track,shadow
chat,talk,message,converse,speak,signal
cheat,deceive,defraud,trick,dupe,scam
check,verify,inspect,audit,scrutinize,test
checksum,verify,validate,confirm,check,audit
cheer,encourage,comfort,praise,applaud,shout
chill,cool,freeze,calm,dampen,quell
chip,break,fragment,damage,cut,nick
choose,select,pick,elect,opt,prefer
chop,cut,slice,sever,split,hack
cipher,encrypt,encode,code,scramble,secure
circle,orbit,revolve,surround,enclose,loop
circulate,spread,broadcast,diffuse,distribute,pass
cite,quote,reference,name,mention,list
claim,assert,allege,state,demand,own
clash,conflict,dispute,disagree,fight,collide
classify,sort,categorize,group,index,arrange
clean,wipe,scrub,purge,erase,sanitize
clear,empty,flush,wipe,erase,remove
click,select,press,hit,choose,tap
climb,mount,ascend,scale,rise,rise
cling,stick,hold,adhere,grasp,clutch
cloak,hide,mask,disguise,cover,obscure
clone,duplicate,copy,replicate,reproduce,mimic
close,shut,terminate,end,stop,finalize
clothe,cover,disguise,cloak,mask,hide
cloud,obscure,hide,blur,muddle,confuse
clutch,grasp,seize,hold,clench,snatch
coach,train,teach,guide,instruct,direct
code,program,write,script,develop,author
coil,twist,loop,wind,curl,spiral
collapse,crash,fail,break,fall,drop
collect,gather,accumulate,amass,compile,assemble
collide,clash,crash,hit,strike,conflict
collude,conspire,plot,scheme,cooperate,join
colonize,settle,occupy,found,expand,establish
combine,merge,blend,unify,integrate,mix
command,order,direct,instruct,control,dictate
commence,begin,start,initiate,launch,open
commend,praise,extol,laud,approve,celebrate
comment,remark,note,observe,mention,state
commit,execute,perform,do,perpetrate,pledge
communicate,message,talk,converse,contact,interact
compact,compress,shrink,squeeze,condense,bind
compare,contrast,match,match,parallel,weigh
compel,force,oblige,drive,push,coerce
compile,build,assemble,gather,collect,organize
complain,object,protest,grumble,whine,moan
complete,finish,conclude,finalize,resolve,achieve
complicate,confuse,muddle,twist,entangle,jumble
comply,obey,follow,conform,yield,agree
compose,create,write,author,construct,frame
compress,zip,shrink,condense,compact,squeeze
compute,calculate,process,tally,figure,reckon
conceal,hide,obscure,disguise,mask,cloak
concede,admit,yield,grant,acknowledge,surrender
concentrate,focus,center,fix,cluster,collect
conclude,finish,end,terminate,finalize,resolve
concur,agree,consent,cooperate,join,align
condemn,denounce,sentence,doom,judge,criticize
condense,shorten,abbreviate,compress,summarize,shrink
conduct,manage,lead,direct,guide,operate
confer,consult,discuss,negotiate,bestow,grant
confess,admit,concede,reveal,divulge,own
configure,setup,adjust,arrange,structure,align
confine,limit,restrict,trap,enclose,jail
confirm,verify,validate,ratify,approve,corroborate
conflict,clash,disagree,differ,fight,battle
conform,adapt,adjust,comply,follow,obey
confuse,muddle,blur,obscure,distract,twist
connect,link,join,attach,couple,unite
conquer,defeat,overcome,subdue,win,seize
conserve,save,preserve,maintain,protect,keep
consider,think,weigh,examine,study,judge
consign,assign,entrust,deliver,transfer,delegate
consolidate,merge,combine,unify,integrate,solidify
conspire,plot,scheme,collude,plan,intrigue
construct,build,create,assemble,fabricate,erect
consult,advise,confer,discuss,deliberate,negotiate
consume,exhaust,deplete,use,absorb,swallow
contact,message,call,reach,ping,notify
contain,limit,restrict,check,hold,confine
contaminate,pollute,taint,infect,corrupt,spoil
continue,persist,endure,resume,stay,maintain
contract,shrink,diminish,constrict,agree,engage
contrast,compare,differ,distinguish,oppose,vary
contribute,provide,supply,donate,offer,bestow
control,manage,direct,govern,regulate,command
convert,transform,change,alter,translate,modify
convey,transport,carry,bring,send,transmit
convict,sentence,judge,doom,condemn,find
convince,persuade,assure,sway,influence,satisfy
cook,prepare,heat,make,brew,fix
cool,chill,freeze,quiet,calm,quell
cooperate,collaborate,partner,team,unite,assist
coordinate,organize,synchronize,align,manage,orchestrate
copy,duplicate,replicate,reproduce,clone,repeat
correct,fix,amend,rectify,repair,adjust
correlate,match,link,associate,connect,relate
correspond,write,email,match,align,agree
corrode,rot,decay,rust,damage,erode
corrupt,damage,spoil,infect,taint,degrade
cost,expense,price,value,charge,spend
count,tally,calculate,enumerate,reckon,tally
counter,oppose,react,respond,offset,neutralize
couple,join,link,connect,pair,unite
cover,hide,mask,disguise,protect,conceal
crack,break,decrypt,hack,breach,penetrate
craft,make,build,create,fabricate,fashion
crash,fail,break,stop,collapse,halt
create,make,build,generate,construct,originate
creep,sneak,skulk,slither,steal,crawl
criticize,condemn,denounce,judge,review,fault
crop,cut,trim,shorten,curtail,truncate
cross,intersect,traverse,bridge,pass,join
crowd,cluster,gather,push,press,jam
crush,grind,smash,squeeze,break,overpower
cry,shout,shriek,weep,call,yell
cultivate,grow,develop,nurture,foster,refine
cure,heal,fix,repair,remedy,restore
curl,twist,coil,loop,wind,spiral
curtail,limit,reduce,shorten,restrict,check
curve,bend,turn,twist,arc,arch
cut,delete,remove,sever,slice,trim
cycle,loop,repeat,rotate,revolve,iterate
damage,harm,impair,ruin,break,corrupt
dampen,wet,quiet,dull,quell,chill
dare,venture,risk,challenge,confront,brave
dash,sprint,speed,rush,hasten,fly
data,info,record,file,input,detail
date,time,tag,mark,note,track
dazzle,blind,amaze,stave,shock,flash
deactivate,disable,stop,turn,kill,halt
deaden,quiet,mute,dull,quell,numb
deal,trade,bargain,handle,manage,negotiate
debate,dispute,discuss,argue,contest,deliberate
debug,fix,repair,correct,patch,solve
decay,rot,corrode,decline,wither,spoil
deceive,cheat,defraud,trick,dupe,scam
decide,resolve,determine,settle,judge,fix
decipher,decode,decrypt,interpret,reveal,read
declare,state,announce,proclaim,publish,affirm
decline,refuse,drop,fail,wane,deteriorate
decode,decipher,decrypt,interpret,read,reveal
decorate,adorn,ornament,embellish,beautify,dress
decrease,lessen,reduce,diminish,drop,wane
decrypt,decode,decipher,unscramble,interpret,reveal
dedicate,devote,assign,pledge,commit,consecrate
deduce,infer,conclude,reason,derive,gather
defend,protect,guard,shield,secure,justify
defer,postpone,delay,suspend,yield,bow
define,specify,describe,determine,characterize,fix
defraud,cheat,scam,trick,dupe,fleece
degrade,damage,lower,impair,corrupt,abase
delay,stall,postpone,defer,hinder,suspend
delegate,assign,entrust,transfer,empower,consign
delete,erase,remove,wipe,expunge,eliminate
deliberate,think,weigh,confer,discuss,debate
deliver,send,transmit,forward,issue,supply
demand,order,request,require,command,insist
demonstrate,show,prove,illustrate,display,exhibit
denounce,condemn,criticize,accuse,blame,fault
deny,refuse,reject,block,disallow,exclude
depart,leave,exit,quit,abandon,vanish
depend,rely,hinge,count,trust,lean
depict,show,portray,represent,describe,sketch
deploy,launch,install,position,implement,station
deposit,pay,save,place,store,put
depress,lower,drop,dull,quell,sink
derive,infer,deduce,obtain,extract,stem
descend,drop,fall,sink,plunge,decline
describe,define,detail,characterize,portray,report
desert,abandon,forsake,leave,quit,flee
design,plan,draft,outline,create,sketch
designate,name,appoint,select,assign,title
desire,want,wish,crave,seek,long
destroy,ruin,wreck,demolish,shatter,shred
detach,separate,disconnect,remove,sever,isolate
detail,specify,describe,itemized,outline,report
detain,hold,arrest,stop,delay,confine
detect,find,spot,notice,identify,discover
deter,prevent,hinder,stop,discourage,check
determine,resolve,decide,settle,establish,fix
develop,evolve,grow,progress,advance,improve
devise,plan,create,invent,formulate,design
devote,dedicate,commit,pledge,assign,give
diagnose,analyze,identify,determine,recognize,pinpoint
dial,call,phone,ring,contact,page
dictate,order,command,prescribe,direct,speak
differ,vary,disagree,clash,diverge,contrast
differentiate,distinguish,discern,separate,contrast,discriminate
diffuse,spread,disperse,scatter,distribute,propagate
digest,absorb,process,assimilate,understand,incorporate
digitize,convert,encode,record,scan,transfer
dim,blur,obscure,dull,fade,lower
diminish,reduce,lessen,decrease,lower,shrink
direct,guide,lead,steer,manage,command
disable,deactivate,stop,turn,kill,halt
disagree,differ,dispute,clash,object,dissent
disappear,vanish,fade,evanesce,leave,exit
disappoint,fail,frustrate,dash,dismay,let
disassemble,dismantle,strip,wreck,break,deconstruct
disaster,wreck,ruin,crash,fail,shatter
discard,reject,dump,abandon,scrap,jettison
discern,perceive,detect,recognize,distinguish,notice
discharge,release,fire,emit,empty,dismiss
discipline,train,punish,correct,control,guide
disclose,reveal,divulge,show,unveil,expose
disconnect,separate,detach,sever,break,uncouple
discontinue,stop,cease,halt,end,suspend
discover,find,detect,reveal,spot,unearth
discriminate,distinguish,discern,separate,bias,judge
discuss,confer,debate,talk,convey,consult
disguise,mask,hide,cloak,obscure,conceal
disinfect,clean,sanitize,sterilize,purify,decontaminate
dislike,hate,loathe,detest,abhor,disdain
dismantle,disassemble,strip,wreck,deconstruct,demolish
dismiss,reject,discard,ignore,drop,release
disorient,confuse,muddle,dazzle,blur,twist
dispatch,send,forward,transmit,ship,issue
displace,move,shift,transfer,relocate,remove
display,show,exhibit,present,reveal,demonstrate
displease,annoy,irritate,vex,offend,bother
dispose,discard,dump,scrap,arrange,order
disprove,refute,rebut,negate,invalidate,contradict
dispute,argue,debate,clash,contest,challenge
disrupt,interrupt,disturb,upset,fracture,break
disseminate,spread,broadcast,circulate,distribute,diffuse
dissolve,melt,fade,break,annul,vanish
distance,separate,alienate,isolate,skirt,avoid
distinguish,discern,differentiate,separate,recognize,spot
distort,twist,warp,alter,deform,blur
distract,divert,confuse,muddle,blur,turn
distribute,share,allocate,spread,allot,dispense
distrust,doubt,suspect,question,fear,mistrust
disturb,annoy,interrupt,upset,disrupt,bother
dive,plunge,drop,fall,sink,submerge
diverge,differ,vary,split,branch,separate
diversify,vary,expand,broaden,branch,alter
divert,reroute,deflect,shift,turn,redirect
divide,separate,split,share,partition,sever
divulge,reveal,disclose,show,expose,tell
do,perform,act,execute,accomplish,achieve
document,record,log,file,note,detail
dodge,avoid,evade,skirt,bypass,duck
dominate,rule,control,govern,lead,master
donate,give,contribute,bestow,offer,yield
doom,sentence,judge,condemn,destine,fail
double,multiply,repeat,expand,boost,increase
doubt,question,suspect,distrust,disbelieve,fear
download,fetch,receive,pull,grab,acquire
draft,sketch,plan,outline,design,draw
drag,pull,tow,haul,trail,lug
drain,empty,exhaust,deplete,clear,flush
draw,sketch,trace,outline,pull,attract
dream,imagine,envision,plan,think,fancy
dress,adorn,clothe,cover,prepare,trim
drift,float,stray,wander,glide,shift
drill,bore,train,practice,punch,pierce
drink,absorb,consume,swallow,sip,drain
drive,steer,direct,guide,propel,push
drop,discard,abandon,leave,dump,release
drown,sink,submerge,flood,overwhelm,quench
drug,sedate,numb,quiet,dose,poison
dull,quiet,mute,quell,blur,dim
dump,discard,drop,abandon,eject,unload
dupe,deceive,trick,scam,cheat,defraud
duplicate,copy,reproduce,replicate,clone,repeat
dwell,live,stay,reside,abide,linger
dye,color,stain,tint,shade,mark
earn,gain,acquire,obtain,deserve,win
ease,facilitate,simplify,lessen,relax,calm
eat,consume,absorb,ingest,swallow,devour
echo,repeat,replicate,reflect,mimic,mirror
edge,border,skirt,limit,rim,trim
edit,revise,alter,amend,modify,change
educate,train,teach,instruct,guide,inform
effect,cause,trigger,induce,prompt,produce
eject,remove,discard,dump,expel,oust
elaborate,expand,explain,detail,develop,clarify
elect,choose,select,pick,name,designate
elevate,raise,lift,boost,heighten,promote
eliminate,remove,exclude,discard,erase,expunge
elude,evade,avoid,escape,bypass,shun
email,mail,message,send,contact,notify
embed,implant,insert,integrate,fix,lodge
embellish,adorn,ornament,decorate,enhance,polish
embody,represent,exemplify,show,include,contain
embrace,hold,hug,include,accept,welcome
emerge,appear,arise,show,surface,issue
emit,release,issue,broadcast,beam,send
emphasize,stress,highlight,underscore,accentuate,feature
employ,use,utilize,hire,apply,engage
empower,authorize,enable,permit,allow,strengthen
empty,clear,flush,drain,void,vacate
emulate,mimic,imitate,copy,replicate,follow
enable,allow,permit,empower,authorize,activate
enact,perform,execute,pass,do,decree
encase,enclose,surround,wrap,box,protect
encircle,surround,loop,ring,orbit,enclose
enclose,box,trap,confine,surround,cage
encode,encrypt,cipher,scramble,code,scramble
encounter,meet,intersect,face,experience,find
encourage,support,boost,cheer,foster,promote
encroach,intrude,infringe,trespass,invade,violate
encrypt,cipher,code,scramble,secure,protect
end,finish,terminate,stop,close,finalize
endanger,risk,hazard,jeopardize,threaten,expose
endure,persist,continue,last,suffer,stay
energize,activate,boost,stimulate,ignite,prime
enforce,compel,impose,apply,execute,administer
engage,interact,participate,join,interact,involve
engineer,design,plan,create,build,construct
enhance,improve,augment,boost,elevate,refine
enjoy,like,appreciate,prize,relish,savor
enlarge,expand,extend,magnify,grow,increase
enlist,recruit,hire,join,engage,gather
ensure,guarantee,assure,secure,confirm,verify
entangle,twist,muddle,confuse,snare,trap
enter,input,access,ingress,join,insert
entertain,amuse,divert,host,interest,please
entice,allure,attract,tempt,draw,lure
entrust,delegate,assign,commit,trust,consign
enumerate,list,count,tally,calculate,detail
envision,imagine,visualize,plan,foresee,predict
equal,match,parallel,equate,align,level
equate,match,parallel,equal,align,balance
equip,arm,fit,supply,prepare,furnish
erase,delete,remove,wipe,expunge,eliminate
erode,rot,decay,corrode,wear,spoil
error,fail,fault,mistake,flaw,glitch
erupt,explode,burst,break,shatter,flare
escalate,increase,raise,boost,elevate,heighten
escape,flee,bolt,evade,avoid,abscond
establish,found,create,set,institute,build
estimate,calculate,appraise,guess,gauge,evaluate
estrange,alienate,separate,divide,distance,isolate
etch,carve,cut,sculpt,mark,write
evacuate,empty,clear,vacate,leave,exit
evade,avoid,bypass,skirt,escape,dodge
evaluate,assess,appraise,judge,analyze,rate
evanesce,vanish,disappear,fade,leave,exit
evolve,develop,progress,change,grow,mature
exaggerate,boast,brag,flaunt,stretch,vaunt
examine,inspect,scrutinize,probe,study,scan
exceed,surpass,top,transcend,outdo,break
exchange,swap,trade,switch,transfer,replace
excite,stimulate,provoke,prompt,ignite,stir
exclude,remove,omit,ignore,reject,block
excuse,apologize,justify,pardon,forgive,explain
execute,run,perform,implement,achieve,fulfill
exemplify,show,embody,represent,illustrate,depict
exempt,free,release,exclude,spare,spare
exercise,use,employ,utilize,apply,practice
exert,use,apply,exercise,wield,push
exfiltrate,steal,export,remove,extract,transfer
exhibit,show,display,reveal,present,demonstrate
exhume,dig,reveal,unearth,find,discover
exit,leave,quit,depart,terminate,end
expand,grow,enlarge,extend,broaden,spread
expect,anticipate,await,foresee,predict,hope
expedite,hasten,accelerate,speed,quicken,rush
expel,remove,eject,oust,discard,eject
expend,spend,exhaust,consume,use,deplete
experiment,test,trial,probe,research,verify
explain,clarify,describe,interpret,elucidate,expound
explode,burst,shatter,blast,erupt,wreck
exploit,use,utilize,harness,leverage,capitalize
explore,investigate,probe,search,examine,inspect
export,transfer,send,move,transmit,ship
expose,reveal,disclose,show,unveil,divulge
expound,explain,clarify,describe,detail,state
express,show,state,voice,convey,declare
expunge,erase,delete,remove,wipe,eliminate
extend,lengthen,stretch,prolong,expand,broaden
extinguish,stop,end,kill,quell,dampen
extol,praise,laud,commend,celebrate,applaud
extract,pull,withdraw,remove,derive,derive
fabricate,construct,build,manufacture,create,forge
face,confront,encounter,meet,tackle,address
facilitate,ease,help,assist,promote,simplify
fade,dim,blur,vanish,decline,wane
fail,crash,stop,break,abort,halt
fake,spoof,mimic,simulate,disguise,feign
fall,drop,sink,descend,plunge,plummet
falsify,alter,fake,forge,tamper,misrepresent
fancy,imagine,dream,like,want,envision
fashion,shape,form,mold,create,make
fasten,secure,fix,attach,join,link
fault,blame,accuse,charge,criticize,condemn
favor,prefer,choose,support,help,aid
fear,dread,suspect,worry,doubt,frighten
feature,highlight,stress,show,emphasize,include
feed,supply,load,input,insert,nourish
feign,fake,spoof,mimic,simulate,disguise
fell,drop,cut,knock,strike,hit
fetch,get,retrieve,grab,download,collect
field,handle,manage,direct,deal,answer
fight,clash,battle,dispute,struggle,quarrel
figure,calculate,compute,determine,reckon,tally
file,record,log,document,store,save
fill,load,prime,pack,occupy,saturate
filter,sift,sort,separate,screen,clean
finalize,finish,complete,settle,conclude,resolve
find,locate,discover,spot,detect,search
fine,adjust,tune,calibrate,refine,polish
finish,end,complete,terminate,finalize,resolve
fire,launch,ignite,discharge,dismiss,shoot
firewall,block,protect,guard,shield,secure
fit,match,suit,adapt,adjust,align
fix,repair,patch,mend,correct,rectify
flag,mark,identify,note,spot,tag
flare,erupt,burst,flash,ignite,shine
flash,burn,write,program,update,refresh
flatten,level,smooth,crush,press,even
flaunt,boast,brag,show,vaunt,parade
flee,escape,bolt,abscond,depart,leave
fleece,defraud,scam,cheat,rob,strip
flex,bend,twist,distort,stretch,warp
flicker,flash,flick,glimmer,blink,wink
float,drift,glide,wander,waft,hover
flood,bombard,swamp,overflow,saturate,deluge
flourish,bloom,thrive,grow,develop,prosper
flow,stream,pour,issue,run,drift
flush,clear,empty,clean,wipe,purge
flutter,flicker,flap,shake,quiver,vibrate
fly,dash,sprint,speed,rush,travel
focus,center,concentrate,fix,aim,target
follow,pursue,track,shadow,obey,trace
force,compel,oblige,drive,push,coerce
forecast,predict,foresee,anticipate,estimate,project
foresee,predict,forecast,anticipate,expect,project
forge,fake,falsify,create,fabricate,mold
forget,ignore,omit,skip,miss,neglect
forgive,pardon,excuse,justify,absolve,spare
form,shape,mold,structure,create,make
format,setup,wipe,arrange,organize,structure
formulate,plan,devise,create,develop,outline
forsake,abandon,desert,leave,quit,relinquish
fortify,strengthen,brace,support,secure,reinforce
forward,send,transmit,relay,dispatch,ship
foster,encourage,nurture,promote,cultivate,support
found,establish,institute,create,start,begin
fracture,break,crack,shatter,split,wreck
fragment,break,split,shatter,fracture,divide
frame,border,surround,enclose,edge,structure
free,release,liberate,clear,empty,loosen
freeze,lock,stop,halt,suspend,stall
frighten,scare,alarm,terrify,shock,startle
frustrate,fail,thwart,block,dash,hinder
fulfill,achieve,complete,perform,accomplish,satisfy
funnel,channel,direct,guide,route,steer
furnish,supply,provide,equip,fit,give
fuse,merge,combine,unify,blend,join
gain,acquire,obtain,secure,earn,win
gather,collect,accumulate,assemble,amass,compile
gauge,measure,quantify,calculate,estimate,rate
generate,produce,create,originate,yield,make
get,fetch,obtain,acquire,receive,procure
give,bestow,grant,award,yield,contribute
glide,float,drift,slide,skate,travel
glimmer,flash,flicker,blink,shine,glint
glitch,error,fail,fault,flaw,hitch
glow,shine,light,flare,burn,beam
glue,attach,stick,link,join,fix
go,travel,depart,leave,move,proceed
govern,rule,manage,control,direct,administer
grab,seize,snatch,capture,take,grasp
grade,rank,rate,order,classify,sort
grant,allow,permit,authorize,give,award
graph,plot,chart,map,sketch,record
grasp,seize,clutch,understand,take,hold
grind,crush,smash,break,mill,press
group,classify,sort,categorize,batch,assemble
grow,develop,expand,increase,evolve,mature
guarantee,assure,ensure,pledge,promise,warrant
guard,protect,shield,defend,secure,watch
guide,direct,lead,steer,navigate,manage
gulp,swallow,consume,absorb,eat,drink
hack,crack,breach,penetrate,break,infiltrate
halt,stop,pause,suspend,terminate,end
hammer,strike,hit,pound,beat,batter
handle,manage,manage,process,deal,treat
happen,occur,arise,emerge,take,transpire
harass,annoy,bother,disturb,vex,irritate
harm,damage,hurt,impair,ruin,corrupt
harness,utilize,exploit,leverage,control,channel
harvest,collect,gather,reap,acquire,accumulate
hasten,accelerate,expedite,speed,quicken,rush
hate,loathe,detest,abhor,dislike,disdain
haul,pull,drag,tow,lug,transport
hazard,risk,endanger,jeopardize,chance,threaten
heal,cure,fix,repair,restore,remedy
hear,listen,monitor,witness,perceive,detect
heat,warm,cook,burn,scorch,ignite
heighten,increase,raise,elevate,boost,intensify
help,assist,aid,support,facilitate,abet
hide,conceal,mask,cloak,disguise,obscure
highlight,stress,emphasize,feature,underscore,spotlight
hinder,block,obstruct,impede,stop,delay
hint,signal,suggest,imply,indicate,point
hire,employ,engage,recruit,enlist,retain
hit,strike,assault,attack,pound,batter
hoard,amass,collect,gather,accumulate,store
hoist,lift,raise,elevate,heave,boost
hold,clutch,grasp,keep,maintain,detain
hole,pierce,breach,penetrate,bore,cut
honor,praise,celebrate,respect,admire,extol
hook,attach,connect,link,join,couple
hop,jump,leap,skip,bound,bypass
hope,expect,anticipate,desire,wish,foresee
host,server,provide,run,hold,house
hover,float,drift,waft,stay,hang
hug,hold,embrace,clutch,accept,welcome
hunt,pursue,track,chase,search,follow
hurry,rush,hasten,accelerate,speed,quicken
hurt,damage,harm,impair,bruise,pain
identify,recognize,detect,spot,name,distinguish
idle,pause,wait,stall,stop,rest
ignite,fire,burn,flash,trigger,start
ignore,skip,bypass,neglect,overlook,omit
illuminate,light,brighten,clarify,reveal,show
illustrate,show,demonstrate,explain,exhibit,sketch
image,capture,copy,replicate,photograph,snapshot
imagine,envision,visualize,dream,plan,think
imitate,mimic,copy,replicate,emulate,follow
impair,damage,harm,weaken,hinder,spoil
implant,embed,insert,inject,fix,lodge
implement,execute,perform,apply,enact,start
imply,suggest,hint,indicate,signify,mean
import,receive,fetch,bring,introduce,acquire
impose,enforce,compel,oblige,dictate,fix
improve,enhance,refine,better,upgrade,augment
incinerate,burn,fire,destroy,wreck,scorch
incite,provoke,instigate,prompt,induce,ignite
include,incorporate,contain,embrace,involve,add
increase,grow,expand,boost,elevate,raise
index,catalog,list,record,file,label
indicate,show,signal,point,suggest,mean
indict,accuse,charge,blame,fault,sentence
induce,cause,provoke,prompt,incite,instigate
infect,corrupt,poison,contaminate,pollute,taint
infer,deduce,conclude,reason,gather,derive
inflict,cause,impose,deliver,give,deal
inform,notify,tell,advise,alert,brief
infringe,encroach,trespass,intrude,invade,violate
ingress,access,enter,reach,penetrate,approach
inhale,breathe,absorb,consume,take,draw
initiate,start,begin,launch,trigger,commence
inject,insert,implant,force,load,input
injure,damage,harm,hurt,impair,bruise
innovate,create,invent,pioneer,originate,revolutionize
input,enter,insert,load,feed,record
inquire,ask,query,question,probe,search
insert,implant,embed,place,inject,input
inspect,examine,scrutinize,check,probe,scan
install,setup,deploy,place,position,load
instigate,provoke,prompt,induce,incite,start
institute,establish,found,start,create,begin
instruct,teach,guide,direct,train,educate
insulate,separate,isolate,segregate,protect,shield
insult,abuse,offend,mock,slight,attack
integrate,combine,merge,unify,incorporate,blend
intensify,strengthen,boost,sharpen,heighten,deepen
interact,engage,communicate,connect,interface,relate
intercept,capture,catch,stop,seize,record
intercede,intervene,mediate,arbitrate,step,negotiate
interface,connect,link,bridge,interact,network
interfere,disturb,hinder,obstruct,block,interrupt
interpret,explain,translate,decipher,clarify,read
interrupt,disrupt,break,suspend,check,stall
intersect,cross,meet,join,link,overlap
intervene,mediate,intercede,step,arbitrate,interfere
interview,query,question,ask,probe,examine
intrigue,scheme,plot,conspire,interest,amuse
introduce,bring,present,insert,import,begin
intrude,invade,trespass,encroach,infringe,breach
invade,intrude,attack,breach,penetrate,occupy
invalidate,nullify,cancel,annul,void,revoke
invent,create,design,pioneer,originate,fabricate
inventory,list,catalog,record,stock,file
invest,pay,spend,give,allocate,commit
investigate,probe,examine,scrutinize,explore,inspect
invite,request,solicit,ask,summon,bid
involve,include,contain,engage,affect,touch
isolate,separate,segregate,detach,disconnect,insulate
issue,release,release,publish,deliver,emit
itemized,detail,list,catalog,record,specify
iterate,repeat,restate,replicate,redo,renew
jail,imprison,confine,detain,hold,lock
jailbreak,unlock,free,liberate,breach,exploit
jam,block,obstruct,press,push,hinder
jeopardize,risk,endanger,hazard,threaten,expose
join,connect,link,unite,attach,couple
judge,assess,evaluate,appraise,rate,decide
jumble,confuse,muddle,twist,mix,disorient
jump,skip,leap,hop,bypass,bound
justify,defend,warrant,explain,validate,rationalize
jut,project,extend,protrude,poke,stick
keep,maintain,hold,save,preserve,store
key,code,cipher,lock,unlock,secure
kill,stop,terminate,end,halt,destroy
knock,strike,hit,tap,fell,strike
know,understand,recognize,discern,realize,notice
label,tag,mark,identify,name,index
land,arrive,reach,touch,stay,settle
last,endure,persist,continue,stay,remain
laud,praise,extol,commend,celebrate,honor
launch,start,initiate,begin,commence,fire
lead,guide,direct,steer,manage,conduct
leak,spill,release,expose,reveal,drip
lean,depend,rely,tilt,bend,slant
leap,jump,skip,hop,bound,bypass
learn,study,acquire,understand,gain,master
lease,borrow,rent,hire,adopt,take
leave,exit,quit,depart,abandon,forsake
lengthen,extend,stretch,prolong,expand,broaden
lessen,reduce,decrease,diminish,lower,cut
let,allow,permit,enable,authorize,grant
level,balance,stabilize,even,adjust,smooth
leverage,exploit,utilize,use,harness,capitalize
liberate,free,release,unlock,clear,empty
license,permit,allow,authorize,sanction,certify
lie,deceive,falsify,mislead,recline,reside
lift,raise,elevate,boost,heighten,promote
light,brighten,illuminate,ignite,flare,burn
like,enjoy,appreciate,want,prize,relish
limit,restrict,curtail,confine,check,narrow
link,connect,join,associate,attach,couple
liquidate,cash,sell,close,destroy,cancel
list,catalog,index,record,file,itemized
listen,monitor,hear,spy,observe,eavesdrop
live,stay,reside,abide,dwell,survive
load,install,input,insert,fill,prime
locate,find,position,detect,spot,place
lock,secure,fasten,close,freeze,bolt
log,record,note,document,file,register
login,access,enter,sign,ingress,authenticate
logout,exit,leave,sign,quit,depart
long,desire,want,crave,seek,wish
look,search,see,scan,view,watch
lookup,search,find,query,check,scan
loom,appear,emerge,threaten,rise,show
loop,repeat,iterate,cycle,circle,replicate
lose,misplace,drop,fail,miss,waste
lost,missing,gone,absent,misplaced,vanished
lower,reduce,decrease,diminish,drop,cut
lug,pull,drag,haul,carry,transport
lure,entice,attract,tempt,draw,allure
magnify,enlarge,expand,boost,heighten,increase
mail,email,send,transmit,forward,dispatch
maintain,keep,preserve,sustain,uphold,support
make,create,build,produce,generate,do
maltreat,abuse,misuse,harm,violate,ill-treat
manage,direct,supervise,administer,govern,handle
maneuver,steer,direct,guide,navigate,operate
manipulate,handle,operate,control,manage,influence
manufacture,produce,build,construct,fabricate,create
map,chart,plot,outline,detail,survey
mark,label,tag,identify,note,spot
marshal,assemble,gather,collect,organize,direct
mask,hide,disguise,cloak,conceal,obscure
master,rule,control,govern,lead,know
match,pair,align,couple,link,equate
mature,develop,evolve,grow,progress,age
mean,signify,denote,indicate,represent,imply
measure,gauge,quantify,calculate,estimate,rate
mechanize,automate,program,systematize,streamline,standardize
mediate,intervene,arbitrate,settle,resolve,negotiate
meet,join,intersect,converge,connect,encounter
melt,dissolve,fade,vanish,soften,fuse
menace,threaten,warn,intimidate,scare,alarm
mend,fix,repair,correct,patch,restore
mention,name,cite,list,state,note
merge,combine,blend,unify,consolidate,fuse
message,text,sms,ping,chat,signal
migrate,move,transfer,shift,relocate,travel
mimic,imitate,copy,replicate,emulate,echo
mine,extract,dig,derive,obtain,gain
minimize,reduce,lessen,shrink,curtail,diminish
mirror,reflect,copy,duplicate,replicate,repeat
mislay,lose,misplace,displace,drop,miss
mislead,deceive,lie,fake,spoof,trick
misplace,lose,mislay,displace,miss,drop
miss,fail,lose,skip,omit,neglect
mistake,error,fail,fault,flaw,hitch
mistrust,doubt,suspect,question,distrust,fear
misuse,abuse,exploit,harm,maltreat,violate
mitigate,ease,lessen,reduce,alleviate,soften
mix,blend,combine,merge,join,fuse
moan,complain,object,protest,whine,grumble
mock,insult,abuse,ridicule,spoof,mimic
model,simulate,represent,form,mold,shape
modify,alter,change,adjust,revise,adapt
mold,shape,form,model,create,fabricate
monitor,track,watch,observe,supervise,check
mount,attach,connect,load,fix,position
move,transfer,shift,relocate,migrate,displace
muddle,confuse,blur,obscure,twist,jumble
multiply,increase,boost,double,expand,grow
murder,kill,stop,destroy,end,terminate
mute,silence,quiet,hush,block,suppress
name,identify,label,tag,title,term
narrow,limit,restrict,curtail,confine,shrink
navigate,steer,guide,pilot,direct,travel
near,approach,reach,access,close,join
necessitate,require,need,demand,entail,mandate
need,require,demand,want,crave,necessitate
negate,nullify,cancel,annul,void,disprove
neglect,ignore,skip,miss,omit,overlook
negotiate,bargain,mediate,confer,settle,discuss
network,connect,link,interface,associate,join
neutralize,cancel,offset,counteract,nullify,void
nick,chip,cut,mark,scratch,damage
node,point,junction,link,connection,vertex
nominate,name,appoint,select,designate,propose
normalize,standardize,adjust,regularize,align,level
note,record,log,document,register,mark
notice,detect,spot,observe,recognize,discern
notify,inform,alert,tell,advise,warn
nourish,feed,nurture,foster,support,maintain
nullify,cancel,annul,void,invalidate,revoke
numb,quiet,quell,dull,chill,sedate
nurture,foster,cultivate,support,tend,grow
obey,follow,comply,conform,agree,yield
object,protest,complain,disagree,dissent,oppose
obscure,hide,mask,blur,conceal,cloak
observe,watch,monitor,view,note,witness
obstruct,block,hinder,impede,prevent,stall
obtain,get,acquire,procure,secure,gain
occupy,fill,inhabit,take,hold,use
occur,happen,arise,emerge,take,transpire
offend,annoy,insult,abuse,irritate,vex
offer,propose,present,give,bid,yield
offset,balance,counteract,neutralize,compensate,match
omit,skip,ignore,overlook,exclude,delete
open,launch,start,unlock,access,reveal
operate,run,manage,direct,use,handle
oppose,counter,object,resist,clash,disagree
optimize,improve,refine,enhance,streamline,perfect
opt,choose,select,pick,prefer,elect
orbit,circle,revolve,surround,loop,ring
orchestrate,organize,coordinate,manage,direct,arrange
order,arrange,sequence,structure,organize,command
organize,arrange,structure,systematize,order,classify
originate,begin,start,derive,spring,stem
ornament,adorn,decorate,embellish,beautify,dress
outline,sketch,draft,summarize,plan,detail
outdo,surpass,exceed,excel,top,win
output,produce,yield,release,emit,issue
overcome,defeat,conquer,surmount,master,win
overflow,flood,swamp,exceed,saturate,deluge
overlook,ignore,skip,miss,neglect,omit
overpower,defeat,conquer,crush,subdue,win
overrule,cancel,nullify,override,void,rescind
overwrite,replace,wipe,erase,update,change
own,possess,hold,keep,maintain,claim
pack,fill,load,prime,store,saturate
packet,data,bundle,segment,chunk,piece
page,call,phone,dial,ping,contact
pain,hurt,harm,damage,ache,sting
pair,match,couple,link,join,align
parade,flaunt,boast,show,exhibit,display
parallel,align,match,equate,mirror,resemble
pardon,forgive,excuse,justify,absolve,spare
parse,analyze,break,examine,resolve,split
participate,engage,join,contribute,share,enter
partition,divide,split,separate,segregate,slice
partner,cooperate,collaborate,team,join,unite
pass,transfer,hand,transmit,relay,deliver
password,code,pin,key,secret,auth
patch,fix,repair,correct,mend,update
path,route,direct,steer,guide,map
pause,halt,stop,suspend,break,stall
pay,wire,send,transfer,spend,deposit
peel,strip,remove,clear,unload,skin
penetrate,breach,pierce,enter,infiltrate,intrude
perceive,discern,detect,notice,recognize,see
perfect,refine,improve,finish,complete,polish
perform,execute,accomplish,do,achieve,fulfill
permit,allow,authorize,sanction,enable,grant
perpetrate,commit,execute,do,perform,act
persist,continue,endure,remain,last,stay
pertain,relate,belong,fit,align,refer
persuade,convince,sway,influence,satisfy,assure
photograph,snap,shot,image,capture,record
phish,scam,cheat,deceive,trick,defraud
phone,call,dial,ring,contact,page
pick,select,choose,grab,take,elect
pierce,hole,breach,penetrate,bore,cut
pilot,steer,guide,direct,navigate,lead
pin,code,lock,fasten,secure,fix
ping,notify,contact,signal,reach,alert
pinpoint,locate,identify,spot,detect,recognize
pioneer,lead,pave,innovate,initiate,found
place,position,locate,set,station,site
plan,design,draft,outline,prepare,arrange
plant,load,install,place,inject,position
play,run,start,execute,launch,trigger
pledge,promise,assure,commit,dedicate,vow
plot,chart,map,sketch,plan,outline
plunge,dive,drop,fall,sink,submerge
plug,connect,insert,attach,join,couple
point,direct,aim,steer,indicate,guide
poison,infect,contaminate,corrupt,taint,pollute
polish,refine,improve,brighten,hone,perfect
pollute,contaminate,taint,infect,corrupt,spoil
portray,depict,show,represent,describe,sketch
position,place,locate,station,site,set
possess,own,hold,keep,maintain,claim
postpone,delay,defer,suspend,stall,hinder
pound,hit,strike,beat,batter,hammer
pour,flow,stream,issue,emit,discharge
power,start,boot,activate,energize,run
practice,train,exercise,drill,perform,do
praise,extol,laud,commend,celebrate,honor
predict,forecast,foresee,anticipate,estimate,project
prefer,choose,select,opt,favor,prize
prepare,ready,equip,prime,arrange,plan
prescribe,order,direct,dictate,assign,appoint
present,show,offer,display,reveal,submit
preserve,keep,save,maintain,protect,sustain
press,push,hit,click,tap,squeeze
presume,assume,suppose,think,judge,weigh
prevent,stop,halt,hinder,block,avoid
price,value,cost,charge,rate,estimate
prime,prepare,ready,load,input,activate
print,issue,publish,produce,output,release
prioritize,rank,order,organize,grade,rate
prize,value,appreciate,admire,respect,enjoy
probe,examine,inspect,investigate,explore,scrutinize
proceed,go,move,continue,advance,travel
process,handle,handle,deal,treat,manage
proclaim,declare,announce,state,publish,broadcast
procure,obtain,get,acquire,secure,gain
produce,generate,create,yield,make,originate
program,code,sequence,set,schedule,arrange
progress,advance,evolve,develop,mature,grow
project,estimate,forecast,predict,predict,jut
prolong,extend,lengthen,stretch,expand,broaden
promise,pledge,assure,guarantee,vow,commit
promote,boost,encourage,advance,foster,support
prompt,trigger,induce,cause,ignite,activate
propagate,spread,diffuse,multiply,breed,transmit
propel,drive,push,shove,thrust,move
propose,offer,suggest,bid,tender,plan
prosper,flourish,bloom,thrive,grow,succeed
protect,guard,shield,defend,secure,preserve
protest,object,complain,disagree,dissent,oppose
protrude,project,poke,stick,jut,extend
prove,demonstrate,verify,validate,justify,confirm
provide,supply,furnish,offer,contribute,yield
provoke,incite,instigate,prompt,induce,ignite
proxy,mask,hide,represent,substitute,cloak
publish,print,issue,release,broadcast,circulate
pull,fetch,get,download,retrieve,extract
punish,discipline,correct,sentence,judge,doom
purge,clean,wipe,scrub,erase,flush
purify,clean,filter,refine,sanitize,distill
pursue,chase,follow,hunt,track,shadow
push,send,upload,force,press,drive
put,place,set,position,locate,station
quantify,measure,count,calculate,enumerate,gauge
quarrel,argue,dispute,clash,disagree,bicker
quell,quiet,mute,dull,chill,silence
quench,dampen,quiet,stop,end,satisfy
query,ask,question,inquire,probe,examine
question,ask,query,probe,search,doubt
quick,fast,speedy,hasty,rapid,swift
quicken,hasten,accelerate,speed,rush,hurry
quiet,mute,quell,dull,silence,hush
quit,exit,leave,stop,end,abandon
quiver,shake,tremble,vibrate,flutter,shudder
quote,cite,reference,name,list,state
raid,attack,assault,strike,breach,penetrate
raise,elevate,lift,boost,heighten,increase
rank,order,rate,grade,classify,sort
rapid,fast,quick,speedy,swift,hasty
ratify,confirm,validate,approve,sanction,ratify
rate,evaluate,appraise,assess,judge,rank
rationalize,justify,explain,reason,justify,thin
reach,contact,access,touch,obtain,arrive
react,respond,answer,reply,counter,act
read,view,scan,interpret,examine,browse
ready,prepare,equip,prime,set,arrange
realize,achieve,understand,attain,fulfill,complete
rearrange,restructure,reorganize,move,shift,alter
reason,think,weigh,deduce,infer,argue
reboot,restart,reset,boot,refresh,start
rebuild,reconstruct,restore,repair,renovate,remake
rebut,refute,disprove,negate,invalidate,contradict
recall,retrieve,retrieve,remember,regain,fetch
receive,get,obtain,acquire,accept,take
recognize,identify,notice,discern,know,admit
recline,lie,rest,stay,lean,slant
reconstruct,rebuild,restore,repair,renovate,remake
reconcile,settle,resolve,adjust,align,square
record,log,note,document,file,register
recount,tally,count,calculate,list,state
recover,retrieve,restore,regain,fetch,rescue
recruit,enlist,hire,engage,gather,muster
rectify,correct,fix,remedy,repair,amend
redesign,alter,modify,revise,change,plan
redeploy,move,relocate,shift,transfer,deploy
reduce,lessen,decrease,diminish,lower,cut
redundant,duplicate,extra,repeat,surplus,excess
reference,cite,name,list,quote,mention
refine,improve,polish,purify,perfect,hone
reflect,mirror,express,show,contemplate,echo
reform,rebuild,restructure,improve,amend,fix
refresh,reload,update,renew,restart,reboot
refuge,hide,protect,shield,save,reserve
refund,pay,return,reimburse,deposit,wire
refuse,deny,reject,block,disallow,decline
refute,disprove,rebut,negate,invalidate,contradict
regain,retrieve,recover,fetch,obtain,acquire
register,record,log,note,enroll,sign
regret,apologize,confess,excuse,feel,rue
regularize,normalize,standardize,adjust,align,level
regulate,control,manage,govern,direct,adjust
reinforce,strengthen,boost,bolster,support,solidify
reiterate,repeat,iterate,restate,redo,renew
reject,discard,refuse,deny,dismiss,jettison
rejoice,celebrate,honor,praise,applaud,extol
relate,belong,pertain,interact,connect,refer
relax,ease,lessen,calm,quiet,rest
release,free,emit,issue,launch,liberate
relay,forward,send,transmit,dispatch,transfer
relieve,help,ease,aid,spare,free
relish,enjoy,like,prize,appreciate,savor
relocate,move,transfer,shift,migrate,redeploy
relinquish,abandon,forsake,leave,quit,surrender
rely,depend,hinge,count,trust,lean
remain,stay,last,persist,continue,abide
remake,rebuild,reconstruct,restore,repair,remold
remand,send,return,assign,deliver,issue
remark,comment,note,observe,mention,state
remedy,heal,fix,repair,restore,rectify
remember,recall,retrieve,know,notice,discern
remold,reshape,reshape,reshape,reshape,reshape
remote,access,distance,far,external,outside
remove,eliminate,delete,erase,discard,extract
rename,title,name,label,tag,mark
render,provide,yield,give,issue,perform
renovate,renew,restore,rebuild,repair,refine
renew,restore,refresh,renovate,update,extend
rent,lease,borrow,hire,take,adopt
reorganize,restructure,rebuild,rearrange,reform,remodel
repair,fix,mend,restore,rectify,patch
repeat,loop,iterate,replicate,duplicate,redo
replace,swap,overwrite,exchange,switch,change
replicate,duplicate,copy,reproduce,clone,repeat
reply,answer,respond,acknowledge,counter,retort
report,describe,detail,state,publish,document
represent,symbolize,depict,show,stand,portray
reproduce,replicate,duplicate,copy,clone,repeat
request,ask,seek,solicit,petition,invite
require,need,demand,entail,necessitate,mandate
reroute,divert,shift,redirect,path,turn
rescind,cancel,revoke,annul,void,nullify
rescue,save,recover,retrieve,free,liberate
research,study,investigate,explore,examine,analyze
resemble,parallel,match,parallel,equal,align
reserve,keep,save,hold,retain,book
reset,restart,reboot,restore,clear,flush
reshape,remold,alter,modify,transform,change
reside,live,stay,dwell,abide,reside
residue,record,trace,file,log,note
resign,quit,leave,exit,abandon,depart
resist,oppose,counter,block,hinder,fight
resolve,settle,solve,conclude,determine,finalize
respect,admire,esteem,value,appreciate,prize
respond,answer,reply,react,counter,acknowledge
rest,stay,remain,pause,sleep,idle
restart,reboot,reset,refresh,start,initiate
restate,repeat,iterate,reiterate,redo,renew
restore,recover,renovate,return,repair,renew
restrain,restrict,limit,confine,curtail,check
restrict,limit,confine,curtail,restrain,check
restructure,reorganize,rebuild,rearrange,reform,remodel
resume,continue,persist,endure,restart,reopen
retain,keep,hold,save,maintain,preserve
retort,answer,reply,respond,acknowledge,counter
retreat,withdraw,leave,exit,depart,flee
retrieve,fetch,recover,regain,recall,extract
return,repay,restore,replace,reverse,recur
reveal,disclose,show,unveil,divulge,uncover
revenue,pay,spend,cost,price,value
reverate,venerate,respect,admire,extol,praise
reverse,return,undo,cancel,revoke,nullify
review,examine,evaluate,assess,analyze,revisit
revise,edit,amend,alter,modify,update
revisit,review,examine,evaluate,assess,analyze
revolve,orbit,circle,rotate,revolve,turn
revoke,cancel,rescind,annul,void,nullify
revolutionize,innovate,create,pioneer,originate,transform
shred,destroy,wipe,erase,wreck,demolish
shriek,cry,shout,yell,scream,call
shrink,contract,diminish,lessen,shrivel,constrict
shudder,shake,quiver,tremble,vibrate,flutter
shun,avoid,evade,bypass,skirt,dodge
shut,close,terminate,end,stop,halt
sidestep,avoid,bypass,evade,skirt,dodge
sift,filter,sort,separate,screen,clean
sign,log,enter,access,authenticate,mark
signal,ping,notify,alert,warn,contact
signify,mean,denote,indicate,represent,imply
silence,mute,quiet,hush,block,suppress
simulate,model,replicate,imitate,mock,mimic
simplify,ease,streamline,clarify,reduce,facilitate
singe,burn,char,scorch,scare,blacken
sink,drop,fall,dive,submerge,plummet
sip,drink,absorb,consume,swallow,drain
site,place,position,locate,station,set
skate,glide,float,drift,slide,travel
sketch,draw,trace,outline,plan,draft
skip,omit,miss,pass,leap,ignore
skirt,avoid,evade,bypass,dodge,sidestep
skulk,sneak,creep,slither,steal,crawl
slant,lean,tilt,bend,distort,twist
slice,split,divide,cut,separate,partition
slide,glide,float,drift,slip,skate
slight,insult,abuse,offend,mock,attack
slip,slide,glide,err,mistake,fail
slither,creep,sneak,skulk,steal,crawl
sms,text,message,ping,chat,signal
smash,crush,grind,smash,squeeze,break
smooth,flatten,level,smooth,crush,press
snap,photo,shot,capture,record,image
snare,trap,capture,catch,seize,record
snatch,seize,grasp,clutch,take,grab
sneak,creep,skulk,slither,steal,crawl
snitch,betray,expose,reveal,desert,abandon
soften,melt,dissolve,fade,vanish,quiet
solicit,request,ask,seek,petition,invite
solidify,strengthen,reinforce,boost,bolster,solidify
solve,resolve,decide,fix,answer,settle
soothe,ease,calm,quiet,quell,chill
sort,classify,categorize,group,arrange,rank
space,distance,separate,alienate,isolate,skirt
spare,save,protect,shield,preserve,keep
spark,ignite,flash,trigger,start,ignite
spank,hit,pound,strike,hammer,beat
speak,talk,chat,converse,say,tell
specialize,focus,narrow,concentrate,limit,refine
specify,define,detail,designate,identify,name
speed,hasten,accelerate,expedite,rush,hurry
spell,word,write,name,read,letter
spend,pay,wire,send,transfer,deposit
spill,leak,release,reveal,drop,expose
spin,turn,rotate,revolve,wheel,pivot
spiral,twist,coil,loop,wind,curl
spirit,ignite,stir,activate,prime,stimulate
split,divide,separate,sever,cleave,rend
spoil,damage,harm,corrupt,decay,rot
spoof,fake,mimic,simulate,disguise,feign
sport,display,flaunt,show,exhibit,vaunt
spot,locate,identify,pinpoint,detect,recognize
spotlight,highlight,stress,emphasize,feature,underscore
spread,distribute,share,allocate,broadcast,diffuse
spring,emerge,arise,occur,happen,originate
sprint,dash,speed,rush,hasten,fly
spy,monitor,watch,listen,observe,track
square,settle,reconcile,resolve,adjust,align
squash,compress,shrink,squeeze,crush,condense
squeeze,compress,shrink,squash,crush,condense
stabilize,balance,steady,fix,secure,settle
stack,pile,collect,gather,accumulate,amass
stall,stop,halt,pause,delay,hinder
standard,default,original,initial,preset,factory
standardize,normalize,equalize,regularize,align,level
stare,watch,view,observe,monitor,view
start,begin,initiate,launch,commence,originate
state,declare,proclaim,state,publish,broadcast
station,place,position,site,locate,set
stay,remain,last,persist,continue,abide
steal,take,snatch,grab,seize,rob
steer,guide,direct,pilot,navigate,lead
stem,derive,originate,derive,obtain,extract
step,move,proceed,advance,walk,travel
sterilize,clean,sanitize,purify,disinfect,decontaminate
stew,prepare,cook,heat,make,brew
stick,adhere,cling,hold,attach,link
stimulate,provoke,encourage,prompt,energize,ignite
sting,pain,hurt,harm,damage,ache
stir,activate,ignite,prime,stimulate,move
stock,inventory,list,catalog,record,file
stop,halt,end,terminate,finish,pause
store,keep,reserve,hold,file,save
storm,attack,assault,strike,charge,raid
stray,wander,drift,float,glide,shift
stream,flow,stream,pour,issue,emit
streamline,simplify,optimize,modernize,facilitate,improve
strengthen,bolster,reinforce,fortify,boost,toughen
stress,emphasize,highlight,underscore,accentuate,press
stretch,extend,lengthen,prolong,expand,broaden
strike,hit,assault,attack,pound,batter
strip,remove,clear,dismantle,peel,unload
strive,attempt,try,endeavor,venture,test
structure,organize,arrange,build,form,frame
struggle,fight,clash,battle,dispute,quarrel
study,learn,acquire,understand,gain,master
submit,present,offer,propose,yield,tender
subdue,defeat,conquer,overpower,crush,win
subjoin,append,add,attach,join,annex
submerge,sink,drop,fall,dive,flood
substantiate,verify,validate,confirm,corroborate,ratify
substitute,proxy,mask,hide,represent,cloak
subtract,remove,eliminate,delete,erase,discard
succeed,prosper,flourish,bloom,thrive,grow
suffer,endure,persist,continue,last,stay
suggest,hint,signal,imply,indicate,point
suit,fit,match,adapt,adjust,align
summarize,outline,abstract,condense,shorten,review
summon,invite,request,solicit,ask,bid
supervise,oversee,manage,direct,control,monitor
supplement,augment,add,enhance,boost,complement
supply,provide,furnish,contribute,yield,issue
support,assist,aid,uphold,back,advocate
suppose,assume,presume,think,judge,weigh
suppress,silence,mute,quiet,hush,block
surf,browse,explore,view,examine,scan
surmount,overcome,defeat,conquer,master,win
surpass,exceed,excel,outdo,top,transcend
surrender,yield,submit,abandon,forsake,quit
surround,enclose,box,trap,confine,ring
survey,examine,review,inspect,scan,study
suspect,doubt,question,distrust,distrust,fear
suspend,halt,defer,delay,pause,interrupt
sustain,maintain,keep,preserve,support,nourish
swallow,gulp,consume,absorb,eat,drink
swamp,flood,bombard,overflow,saturate,deluge
swap,exchange,switch,replace,trade,shift
sway,influence,persuade,convince,satisfy,assure
sweep,wipe,clean,purge,sanitize,erase
switch,change,swap,toggle,alter,shift
symbolize,represent,depict,show,stand,portray
synchronize,align,coordinate,match,link,tune
synthesize,combine,blend,integrate,fuse,amalgamate
system,program,automate,structure,manage,direct
systematize,organize,arrange,structure,order,classify
tabulate,list,chart,record,arrange,tally
tackle,face,confront,encounter,meet,address
tag,label,mark,identify,name,code
taint,corrupt,poison,contaminate,pollute,infect
take,grab,seize,snatch,grasp,obtain
talk,chat,converse,speak,signal,communicate
tally,count,calculate,enumerate,reckon,tally
tamper,alter,fake,forge,falsify,misrepresent
tap,click,press,hit,select,touch
target,aim,focus,direct,address,hit
teach,train,educate,instruct,guide,inform
team,partner,join,unite,collaborate,ally
tell,inform,notify,advise,warn,alert
tempt,lure,entice,attract,draw,allure
tend,care,guard,protect,manage,watch
tender,offer,propose,present,give,bid
terminal,console,interface,shell,command,input
terminate,end,finish,stop,cancel,conclude
terrify,scare,frighten,alarm,shock,startle
test,examine,try,probe,verify,analyze
text,message,sms,ping,chat,signal
think,consider,weigh,examine,study,judge
threaten,warn,menace,intimidate,scare,signal
thrive,flourish,grow,prosper,succeed,bloom
throw,cast,send,emit,project,launch
thump,hit,strike,pound,beat,batter
thwart,fail,frustrate,block,dash,hinder
tie,bind,secure,fasten,constrain,link
tilt,lean,bend,slant,distort,twist
time,date,tag,mark,note,track
tint,color,stain,dye,shade,mark
title,name,identify,label,tag,rename
toggle,switch,change,swap,alter,shift
top,surpass,exceed,excel,transcend,outdo
touch,reach,contact,access,obtain,arrive
tow,pull,drag,haul,carry,transport
trace,track,follow,outline,sketch,find
track,monitor,follow,trace,observe,watch
trade,swap,exchange,switch,transfer,deal
train,educate,instruct,teach,prepare,drill
transcribe,record,copy,write,reproducify,convert
transcend,surpass,exceed,excel,top,outdo
transfer,move,shift,relocate,convey,displace
transform,change,alter,convert,reshape,modify
translate,interpret,convert,render,explain,decipher
transmit,send,forward,relay,issue,broadcast
transport,move,carry,convey,ship,transfer
transpire,happen,occur,arise,emerge,take
trap,capture,catch,stop,seize,record
trash,delete,remove,discard,erase,dump
travel,go,move,depart,leave,proceed
traverse,cross,intersect,bridge,pass,join
tremble,shake,quiver,vibrate,flutter,shudder
trespass,intrude,invade,encroach,infringe,breach
trial,test,experiment,probe,research,verify
trick,deceive,cheat,defraud,scam,dupe
trigger,initiate,prompt,start,spark,ignite
trim,cut,reduce,shorten,prune,crop
truck,transport,move,carry,convey,ship
truncate,shorten,cut,abbreviate,trim,lop
trust,believe,suppose,assume,presume,consider
try,attempt,endeavor,strive,venture,test
tune,adjust,align,calibrate,adapt,refine
turn,rotate,spin,switch,toggle,shift
twist,bend,flex,curve,distort,alter
type,write,input,enter,letter,code
uncover,reveal,reveal,disclose,show,unveil
understand,know,recognize,discern,realize,notice
undertake,assume,presume,take,accept,begin
undo,return,reverse,cancel,revoke,nullify
unearth,find,discover,reveal,detect,locate
unify,unite,combine,merge,join,link
unite,join,connect,link,unify,integrate
unjoin,separate,disconnect,detach,sever,break
unlock,free,liberate,access,open,breach
unmask,reveal,identify,show,expose,unveil
unscramble,decode,decrypt,decipher,reveal,read
unveil,reveal,disclose,show,unmask,expose
unzip,expand,extract,open,decompress,shrink
update,revise,refresh,renew,modernize,amend
upgrade,improve,enhance,better,boost,advance
uphold,support,assist,aid,advocate,defend
upload,send,push,transfer,transmit,export
upset,disturb,interrupt,annoy,disrupt,bother
use,utilize,employ,apply,harness,exploit
utilize,use,employ,apply,harness,exploit
vacate,empty,clear,flush,leave,exit
validate,verify,confirm,authenticate,certify,ratify
value,price,cost,charge,rate,estimate
vanish,disappear,fade,evanesce,leave,exit
vary,change,alter,modify,diversify,differ
vaunt,boast,brag,flaunt,show,exaggerate
venerate,respect,admire,extol,praise,honor
venture,dare,risk,challenge,confront,brave
verify,confirm,validate,check,authenticate,audit
vex,annoy,irritate,bother,disturb,provoke
vibrate,shake,quiver,tremble,flutter,shudder
view,see,observe,watch,look,scan
violate,abuse,misuse,exploit,harm,maltreat
visit,access,go,attend,reach,encounter
visualize,imagine,picture,envision,project,see
voice,state,express,show,convey,declare
void,nullify,cancel,annul,revoke,rescind
vow,promise,pledge,assure,guarantee,commit
waft,float,drift,glide,wander,hover
wait,stay,abide,abide,abide,abide
wake,awake,rouse,alert,ignite,stir
walk,travel,step,move,proceed,advance
wander,stray,drift,float,glide,shift
wane,decrease,lessen,reduce,diminish,drop
want,desire,wish,crave,seek,long
warm,heat,cook,burn,scorch,ignite
warn,alert,notify,advise,caution,brief
warp,twist,distort,alter,deform,blur
warrant,guarantee,assure,ensure,pledge,promise
wash,clean,wipe,scrub,purge,sanitize
waste,lose,drop,fail,miss,misplace
watch,observe,monitor,view,witness,note
weaken,impair,damage,harm,hinder,spoil
weigh,measure,assess,evaluate,consider,compare
welcome,accept,hold,hug,embrace,include
weep,cry,shout,shriek,call,yell
wet,dampen,quiet,dull,quell,chill
wheel,rotate,turn,spin,revolve,pivot
whine,complain,object,protest,grumble,moan
whisper,message,chat,talk,signal,quiet
widen,expand,broaden,extend,enlarge,diversify
wield,use,apply,exercise,exert,push
win,achieve,attain,attain,attain,attain
wind,twist,coil,loop,curl,spiral
wink,blink,flash,flicker,glimmer,signal
wipe,erase,delete,remove,purge,sanitize
wire,pay,send,transfer,deposit,wire
wish,desire,want,crave,seek,long
withdraw,remove,take,extract,pull,retreat
wither,rot,decay,corrode,decline,wane
witness,see,observe,watch,testify,record
word,spell,write,name,read,letter
work,act,function,operate,perform,execute
worry,fear,dread,suspect,doubt,distrust
wrap,enclose,encase,surround,box,protect
wreck,destroy,demolish,ruin,smash,shatter
write,author,type,record,script,file
yell,cry,shout,shriek,scream,call
yield,produce,provide,generate,surrender,give
zip,compress,shrink,compact,condense,constrict
